<?xml version="1.0" encoding="UTF-8"?>
<!DOCTYPE MudletPackage>
<MudletPackage version="1.001">
	<TriggerPackage>
		<TriggerGroup isActive="yes" isFolder="yes" isTempTrigger="no" isMultiline="no" isPerlSlashGOption="no" isColorizerTrigger="no" isFilterTrigger="no" isSoundTrigger="no" isColorTrigger="no" isColorTriggerFg="no" isColorTriggerBg="no">
			<name>Aerial</name>
			<script></script>
			<triggerType>0</triggerType>
			<conditonLineDelta>0</conditonLineDelta>
			<mStayOpen>0</mStayOpen>
			<mCommand></mCommand>
			<packageName></packageName>
			<mFgColor>#ff0000</mFgColor>
			<mBgColor>#ffff00</mBgColor>
			<mSoundFile></mSoundFile>
			<colorTriggerFgColor>#000000</colorTriggerFgColor>
			<colorTriggerBgColor>#000000</colorTriggerBgColor>
			<regexCodeList />
			<regexCodePropertyList />
			<Trigger isActive="yes" isFolder="no" isTempTrigger="no" isMultiline="no" isPerlSlashGOption="no" isColorizerTrigger="no" isFilterTrigger="no" isSoundTrigger="no" isColorTrigger="no" isColorTriggerFg="no" isColorTriggerBg="no">
				<name>Logged In (add gmcp)</name>
				<script>sendGMCP([[Core.Supports.Add ["Comm.Channel 1"] ]])
send("time")</script>
				<triggerType>0</triggerType>
				<conditonLineDelta>0</conditonLineDelta>
				<mStayOpen>0</mStayOpen>
				<mCommand></mCommand>
				<packageName></packageName>
				<mFgColor>#ff0000</mFgColor>
				<mBgColor>#ffff00</mBgColor>
				<mSoundFile></mSoundFile>
				<colorTriggerFgColor>#000000</colorTriggerFgColor>
				<colorTriggerBgColor>#000000</colorTriggerBgColor>
				<regexCodeList>
					<string>Password correct. Welcome to Lusternia.</string>
				</regexCodeList>
				<regexCodePropertyList>
					<integer>0</integer>
				</regexCodePropertyList>
			</Trigger>
			<Trigger isActive="yes" isFolder="no" isTempTrigger="no" isMultiline="no" isPerlSlashGOption="no" isColorizerTrigger="yes" isFilterTrigger="no" isSoundTrigger="no" isColorTrigger="no" isColorTriggerFg="no" isColorTriggerBg="no">
				<name>We lost an aff</name>
				<script>aerial.afflictions.remAff(nil,nil,matches[2])</script>
				<triggerType>0</triggerType>
				<conditonLineDelta>0</conditonLineDelta>
				<mStayOpen>0</mStayOpen>
				<mCommand></mCommand>
				<packageName></packageName>
				<mFgColor>#00ff00</mFgColor>
				<mBgColor>#000000</mBgColor>
				<mSoundFile></mSoundFile>
				<colorTriggerFgColor>#000000</colorTriggerFgColor>
				<colorTriggerBgColor>#000000</colorTriggerBgColor>
				<regexCodeList>
					<string>^You have cured (\w+)\.$</string>
				</regexCodeList>
				<regexCodePropertyList>
					<integer>1</integer>
				</regexCodePropertyList>
			</Trigger>
			<Trigger isActive="yes" isFolder="no" isTempTrigger="no" isMultiline="no" isPerlSlashGOption="no" isColorizerTrigger="yes" isFilterTrigger="no" isSoundTrigger="no" isColorTrigger="no" isColorTriggerFg="no" isColorTriggerBg="no">
				<name>We got an aff</name>
				<script>if not aerial.afflictions.affl[matches[2]] then
  aerial.afflictions.addAff(nil,nil,matches[2])
end</script>
				<triggerType>0</triggerType>
				<conditonLineDelta>0</conditonLineDelta>
				<mStayOpen>0</mStayOpen>
				<mCommand></mCommand>
				<packageName></packageName>
				<mFgColor>#ff0000</mFgColor>
				<mBgColor>#000000</mBgColor>
				<mSoundFile></mSoundFile>
				<colorTriggerFgColor>#000000</colorTriggerFgColor>
				<colorTriggerBgColor>#000000</colorTriggerBgColor>
				<regexCodeList>
					<string>^You are afflicted with (\w+)\.$</string>
				</regexCodeList>
				<regexCodePropertyList>
					<integer>1</integer>
				</regexCodePropertyList>
			</Trigger>
			<Trigger isActive="yes" isFolder="no" isTempTrigger="no" isMultiline="no" isPerlSlashGOption="no" isColorizerTrigger="no" isFilterTrigger="no" isSoundTrigger="no" isColorTrigger="no" isColorTriggerFg="no" isColorTriggerBg="no">
				<name>We died, clear affs</name>
				<script>clearWindow("afflictions_info")</script>
				<triggerType>0</triggerType>
				<conditonLineDelta>0</conditonLineDelta>
				<mStayOpen>0</mStayOpen>
				<mCommand></mCommand>
				<packageName></packageName>
				<mFgColor>#ff0000</mFgColor>
				<mBgColor>#ffff00</mBgColor>
				<mSoundFile></mSoundFile>
				<colorTriggerFgColor>#000000</colorTriggerFgColor>
				<colorTriggerBgColor>#000000</colorTriggerBgColor>
				<regexCodeList>
					<string>You have been slain by </string>
				</regexCodeList>
				<regexCodePropertyList>
					<integer>2</integer>
				</regexCodePropertyList>
			</Trigger>
			<Trigger isActive="yes" isFolder="no" isTempTrigger="no" isMultiline="yes" isPerlSlashGOption="no" isColorizerTrigger="no" isFilterTrigger="no" isSoundTrigger="no" isColorTrigger="no" isColorTriggerFg="no" isColorTriggerBg="no">
				<name>Capture aetherspace map</name>
				<script>if not aerial.maplines then aerial.maplines = {} end
local line = getLineNumber()
local linedelta = math.ceil(string.len(multimatches[1][1])/2)
for i = linedelta,0,-1 do
  aerial.maplines[#aerial.maplines+1] = line-i
end</script>
				<triggerType>0</triggerType>
				<conditonLineDelta>1</conditonLineDelta>
				<mStayOpen>1</mStayOpen>
				<mCommand></mCommand>
				<packageName></packageName>
				<mFgColor>#ff0000</mFgColor>
				<mBgColor>#ffff00</mBgColor>
				<mSoundFile></mSoundFile>
				<colorTriggerFgColor>#000000</colorTriggerFgColor>
				<colorTriggerBgColor>#000000</colorTriggerBgColor>
				<regexCodeList>
					<string>^(?:.{25}|.{13})$</string>
					<string>^\[\(\d+\, \d+\)\]$</string>
				</regexCodeList>
				<regexCodePropertyList>
					<integer>1</integer>
					<integer>1</integer>
				</regexCodePropertyList>
				<Trigger isActive="yes" isFolder="no" isTempTrigger="no" isMultiline="no" isPerlSlashGOption="no" isColorizerTrigger="no" isFilterTrigger="no" isSoundTrigger="no" isColorTrigger="no" isColorTriggerFg="no" isColorTriggerBg="no">
					<name>Finished capturing aetherspace map</name>
					<script>local winheight = aerial.aethermap:get_height()
local fontwidth,fontheight
for i = 16,1,-1 do
  fontwidth,fontheight = calcFontSize(i)
  if winheight/fontheight &gt;= #aerial.maplines then
    setFontSize("aether_info",i)
    break
  end
end

clearWindow("aether_info")
for i,v in ipairs(aerial.maplines) do
  moveCursor(0,v)
  selectCurrentLine()
  copy()
  appendBuffer("aether_info")
end
moveCursor(0,aerial.maplines[1])
for i,v in ipairs(aerial.maplines) do
  deleteLine()
end
aerial.maplines = {}</script>
					<triggerType>0</triggerType>
					<conditonLineDelta>0</conditonLineDelta>
					<mStayOpen>0</mStayOpen>
					<mCommand></mCommand>
					<packageName></packageName>
					<mFgColor>#ff0000</mFgColor>
					<mBgColor>#ffff00</mBgColor>
					<mSoundFile></mSoundFile>
					<colorTriggerFgColor>#000000</colorTriggerFgColor>
					<colorTriggerBgColor>#000000</colorTriggerBgColor>
					<regexCodeList>
						<string>^\[\(\d+\, \d+\)\]$</string>
					</regexCodeList>
					<regexCodePropertyList>
						<integer>1</integer>
					</regexCodePropertyList>
				</Trigger>
			</Trigger>
			<TriggerGroup isActive="yes" isFolder="yes" isTempTrigger="no" isMultiline="no" isPerlSlashGOption="no" isColorizerTrigger="no" isFilterTrigger="no" isSoundTrigger="no" isColorTrigger="no" isColorTriggerFg="no" isColorTriggerBg="no">
				<name>Time tracking</name>
				<script></script>
				<triggerType>0</triggerType>
				<conditonLineDelta>0</conditonLineDelta>
				<mStayOpen>0</mStayOpen>
				<mCommand></mCommand>
				<packageName></packageName>
				<mFgColor>#ff0000</mFgColor>
				<mBgColor>#ffff00</mBgColor>
				<mSoundFile></mSoundFile>
				<colorTriggerFgColor>#000000</colorTriggerFgColor>
				<colorTriggerBgColor>#000000</colorTriggerBgColor>
				<regexCodeList />
				<regexCodePropertyList />
				<Trigger isActive="yes" isFolder="no" isTempTrigger="no" isMultiline="no" isPerlSlashGOption="no" isColorizerTrigger="no" isFilterTrigger="no" isSoundTrigger="no" isColorTrigger="no" isColorTriggerFg="no" isColorTriggerBg="no">
					<name>Time Parser</name>
					<script>local pm = false
local half = false
if matches[3] and matches[3]=="in the afternoon" or matches[3]=="in the evening" or matches[3]=="at night" then
	pm = true
end
if string.find(matches[1],"half past") then
  half = true
end
aerial.daynight.updateTime(aerial.daynight.processTime(matches[2],half,pm))</script>
					<triggerType>0</triggerType>
					<conditonLineDelta>0</conditonLineDelta>
					<mStayOpen>0</mStayOpen>
					<mCommand></mCommand>
					<packageName></packageName>
					<mFgColor>#ff0000</mFgColor>
					<mBgColor>#ffff00</mBgColor>
					<mSoundFile></mSoundFile>
					<colorTriggerFgColor>#000000</colorTriggerFgColor>
					<colorTriggerBgColor>#000000</colorTriggerBgColor>
					<regexCodeList>
						<string>^The hands on .+ read (\w+) o\'clock (.+).$</string>
						<string>^The hands on .+ read about half past (\w+) o\'clock (.+).$</string>
						<string>^The hands on .+ read (\w+).$</string>
						<string>^The hands on .+ read about half past (\w+).$</string>
					</regexCodeList>
					<regexCodePropertyList>
						<integer>1</integer>
						<integer>1</integer>
						<integer>1</integer>
						<integer>1</integer>
					</regexCodePropertyList>
				</Trigger>
				<Trigger isActive="yes" isFolder="no" isTempTrigger="no" isMultiline="no" isPerlSlashGOption="no" isColorizerTrigger="no" isFilterTrigger="no" isSoundTrigger="no" isColorTrigger="no" isColorTriggerFg="no" isColorTriggerBg="no">
					<name>Noon</name>
					<script>aerial.daynight.updateTime(12,true)</script>
					<triggerType>0</triggerType>
					<conditonLineDelta>0</conditonLineDelta>
					<mStayOpen>0</mStayOpen>
					<mCommand></mCommand>
					<packageName></packageName>
					<mFgColor>#ff0000</mFgColor>
					<mBgColor>#ffff00</mBgColor>
					<mSoundFile></mSoundFile>
					<colorTriggerFgColor>#000000</colorTriggerFgColor>
					<colorTriggerBgColor>#000000</colorTriggerBgColor>
					<regexCodeList>
						<string>The sun reaches the zenith of the firmament, pausing in his quest to allow the land to bask in his shining golden rays.</string>
					</regexCodeList>
					<regexCodePropertyList>
						<integer>3</integer>
					</regexCodePropertyList>
				</Trigger>
				<Trigger isActive="yes" isFolder="no" isTempTrigger="no" isMultiline="no" isPerlSlashGOption="no" isColorizerTrigger="no" isFilterTrigger="no" isSoundTrigger="no" isColorTrigger="no" isColorTriggerFg="no" isColorTriggerBg="no">
					<name>Nightfall</name>
					<script>aerial.daynight.updateTime(19.5,true)</script>
					<triggerType>0</triggerType>
					<conditonLineDelta>0</conditonLineDelta>
					<mStayOpen>0</mStayOpen>
					<mCommand></mCommand>
					<packageName></packageName>
					<mFgColor>#ff0000</mFgColor>
					<mBgColor>#ffff00</mBgColor>
					<mSoundFile></mSoundFile>
					<colorTriggerFgColor>#000000</colorTriggerFgColor>
					<colorTriggerBgColor>#000000</colorTriggerBgColor>
					<regexCodeList>
						<string>As the sun passes below the horizon's edge, Mother Night unveils her terrible, shadowy beauty, spreading darkness across the land.</string>
					</regexCodeList>
					<regexCodePropertyList>
						<integer>3</integer>
					</regexCodePropertyList>
				</Trigger>
				<Trigger isActive="yes" isFolder="no" isTempTrigger="no" isMultiline="no" isPerlSlashGOption="no" isColorizerTrigger="no" isFilterTrigger="no" isSoundTrigger="no" isColorTrigger="no" isColorTriggerFg="no" isColorTriggerBg="no">
					<name>Deep night</name>
					<script>aerial.daynight.updateTime(21,true)</script>
					<triggerType>0</triggerType>
					<conditonLineDelta>0</conditonLineDelta>
					<mStayOpen>0</mStayOpen>
					<mCommand></mCommand>
					<packageName></packageName>
					<mFgColor>#ff0000</mFgColor>
					<mBgColor>#ffff00</mBgColor>
					<mSoundFile></mSoundFile>
					<colorTriggerFgColor>#000000</colorTriggerFgColor>
					<colorTriggerBgColor>#000000</colorTriggerBgColor>
					<regexCodeList>
						<string>Across the heavens, the stars and moon challenge night's dark reign, revealing familiar constellations that tell the tales of myth and legend.</string>
					</regexCodeList>
					<regexCodePropertyList>
						<integer>3</integer>
					</regexCodePropertyList>
				</Trigger>
				<Trigger isActive="yes" isFolder="no" isTempTrigger="no" isMultiline="no" isPerlSlashGOption="no" isColorizerTrigger="no" isFilterTrigger="no" isSoundTrigger="no" isColorTrigger="no" isColorTriggerFg="no" isColorTriggerBg="no">
					<name>Midnight</name>
					<script>aerial.daynight.updateTime(0,true)</script>
					<triggerType>0</triggerType>
					<conditonLineDelta>0</conditonLineDelta>
					<mStayOpen>0</mStayOpen>
					<mCommand></mCommand>
					<packageName></packageName>
					<mFgColor>#ff0000</mFgColor>
					<mBgColor>#ffff00</mBgColor>
					<mSoundFile></mSoundFile>
					<colorTriggerFgColor>#000000</colorTriggerFgColor>
					<colorTriggerBgColor>#000000</colorTriggerBgColor>
					<regexCodeList>
						<string>^It is now the \w+ of \w+\, \d+ years after the Coming of Estarra.$</string>
					</regexCodeList>
					<regexCodePropertyList>
						<integer>1</integer>
					</regexCodePropertyList>
				</Trigger>
				<Trigger isActive="yes" isFolder="no" isTempTrigger="no" isMultiline="no" isPerlSlashGOption="no" isColorizerTrigger="no" isFilterTrigger="no" isSoundTrigger="no" isColorTrigger="no" isColorTriggerFg="no" isColorTriggerBg="no">
					<name>Afternoon</name>
					<script>aerial.daynight.updateTime(15.5,true)</script>
					<triggerType>0</triggerType>
					<conditonLineDelta>0</conditonLineDelta>
					<mStayOpen>0</mStayOpen>
					<mCommand></mCommand>
					<packageName></packageName>
					<mFgColor>#ff0000</mFgColor>
					<mBgColor>#ffff00</mBgColor>
					<mSoundFile></mSoundFile>
					<colorTriggerFgColor>#000000</colorTriggerFgColor>
					<colorTriggerBgColor>#000000</colorTriggerBgColor>
					<regexCodeList>
						<string>Continuing the hunt for his dark mate, Father Sun presses forward in his journey, lowering himself in the sky yet still casting even, full light upon the land.</string>
					</regexCodeList>
					<regexCodePropertyList>
						<integer>3</integer>
					</regexCodePropertyList>
				</Trigger>
				<Trigger isActive="yes" isFolder="no" isTempTrigger="no" isMultiline="no" isPerlSlashGOption="no" isColorizerTrigger="no" isFilterTrigger="no" isSoundTrigger="no" isColorTrigger="no" isColorTriggerFg="no" isColorTriggerBg="no">
					<name>Dawn</name>
					<script>aerial.daynight.updateTime(5,true)</script>
					<triggerType>0</triggerType>
					<conditonLineDelta>0</conditonLineDelta>
					<mStayOpen>0</mStayOpen>
					<mCommand></mCommand>
					<packageName></packageName>
					<mFgColor>#ff0000</mFgColor>
					<mBgColor>#ffff00</mBgColor>
					<mSoundFile></mSoundFile>
					<colorTriggerFgColor>#000000</colorTriggerFgColor>
					<colorTriggerBgColor>#000000</colorTriggerBgColor>
					<regexCodeList>
						<string>The last vestiges of midnight shadows flee as Mother Night hides herself from the luminous arrival of her shining mate as he chases her across the bowl of the sky.</string>
					</regexCodeList>
					<regexCodePropertyList>
						<integer>3</integer>
					</regexCodePropertyList>
				</Trigger>
				<Trigger isActive="yes" isFolder="no" isTempTrigger="no" isMultiline="no" isPerlSlashGOption="no" isColorizerTrigger="no" isFilterTrigger="no" isSoundTrigger="no" isColorTrigger="no" isColorTriggerFg="no" isColorTriggerBg="no">
					<name>Evening</name>
					<script>aerial.daynight.updateTime(18,true)</script>
					<triggerType>0</triggerType>
					<conditonLineDelta>0</conditonLineDelta>
					<mStayOpen>0</mStayOpen>
					<mCommand></mCommand>
					<packageName></packageName>
					<mFgColor>#ff0000</mFgColor>
					<mBgColor>#ffff00</mBgColor>
					<mSoundFile></mSoundFile>
					<colorTriggerFgColor>#000000</colorTriggerFgColor>
					<colorTriggerBgColor>#000000</colorTriggerBgColor>
					<regexCodeList>
						<string>Shadows grow longer in anticipation for the return of their dark mistress as Father Sun's chase brings him closer to the world's edge.</string>
					</regexCodeList>
					<regexCodePropertyList>
						<integer>3</integer>
					</regexCodePropertyList>
				</Trigger>
				<Trigger isActive="yes" isFolder="no" isTempTrigger="no" isMultiline="no" isPerlSlashGOption="no" isColorizerTrigger="no" isFilterTrigger="no" isSoundTrigger="no" isColorTrigger="no" isColorTriggerFg="no" isColorTriggerBg="no">
					<name>Morning</name>
					<script>aerial.daynight.updateTime(9,true)</script>
					<triggerType>0</triggerType>
					<conditonLineDelta>0</conditonLineDelta>
					<mStayOpen>0</mStayOpen>
					<mCommand></mCommand>
					<packageName></packageName>
					<mFgColor>#ff0000</mFgColor>
					<mBgColor>#ffff00</mBgColor>
					<mSoundFile></mSoundFile>
					<colorTriggerFgColor>#000000</colorTriggerFgColor>
					<colorTriggerBgColor>#000000</colorTriggerBgColor>
					<regexCodeList>
						<string>Sunlight billows across the realm, revealing the full glory of the majestic sun's luminous presence as he climbs higher into the sky.</string>
					</regexCodeList>
					<regexCodePropertyList>
						<integer>3</integer>
					</regexCodePropertyList>
				</Trigger>
			</TriggerGroup>
			<TriggerGroup isActive="yes" isFolder="yes" isTempTrigger="no" isMultiline="no" isPerlSlashGOption="no" isColorizerTrigger="no" isFilterTrigger="no" isSoundTrigger="no" isColorTrigger="no" isColorTriggerFg="no" isColorTriggerBg="no">
				<name>People tracking</name>
				<script></script>
				<triggerType>0</triggerType>
				<conditonLineDelta>0</conditonLineDelta>
				<mStayOpen>0</mStayOpen>
				<mCommand></mCommand>
				<packageName></packageName>
				<mFgColor>#ff0000</mFgColor>
				<mBgColor>#ffff00</mBgColor>
				<mSoundFile></mSoundFile>
				<colorTriggerFgColor>#000000</colorTriggerFgColor>
				<colorTriggerBgColor>#000000</colorTriggerBgColor>
				<regexCodeList />
				<regexCodePropertyList />
				<Trigger isActive="yes" isFolder="no" isTempTrigger="no" isMultiline="no" isPerlSlashGOption="no" isColorizerTrigger="no" isFilterTrigger="no" isSoundTrigger="no" isColorTrigger="no" isColorTriggerFg="no" isColorTriggerBg="no">
					<name>Person is a soul</name>
					<script>aerial.people.removePlayer(nil,nil,matches[2])</script>
					<triggerType>0</triggerType>
					<conditonLineDelta>0</conditonLineDelta>
					<mStayOpen>0</mStayOpen>
					<mCommand></mCommand>
					<packageName></packageName>
					<mFgColor>#ff0000</mFgColor>
					<mBgColor>#ffff00</mBgColor>
					<mSoundFile></mSoundFile>
					<colorTriggerFgColor>#000000</colorTriggerFgColor>
					<colorTriggerBgColor>#000000</colorTriggerBgColor>
					<regexCodeList>
						<string>The soul of (\w+)(?:\s+.+)? roams the land, bodiless.</string>
					</regexCodeList>
					<regexCodePropertyList>
						<integer>1</integer>
					</regexCodePropertyList>
				</Trigger>
				<Trigger isActive="yes" isFolder="no" isTempTrigger="no" isMultiline="no" isPerlSlashGOption="no" isColorizerTrigger="no" isFilterTrigger="no" isSoundTrigger="no" isColorTrigger="no" isColorTriggerFg="no" isColorTriggerBg="no">
					<name>Person goggles enter</name>
					<script>aerial.people.addPlayer(nil,nil,matches[2])</script>
					<triggerType>0</triggerType>
					<conditonLineDelta>0</conditonLineDelta>
					<mStayOpen>0</mStayOpen>
					<mCommand></mCommand>
					<packageName></packageName>
					<mFgColor>#ff0000</mFgColor>
					<mBgColor>#ffff00</mBgColor>
					<mSoundFile></mSoundFile>
					<colorTriggerFgColor>#000000</colorTriggerFgColor>
					<colorTriggerBgColor>#000000</colorTriggerBgColor>
					<regexCodeList>
						<string>^A shimmer of light plays on your goggle lenses as (\w+) arrives </string>
						<string>^(\w+) flits into view directly overhead.$</string>
					</regexCodeList>
					<regexCodePropertyList>
						<integer>1</integer>
						<integer>1</integer>
					</regexCodePropertyList>
				</Trigger>
				<Trigger isActive="yes" isFolder="no" isTempTrigger="no" isMultiline="no" isPerlSlashGOption="no" isColorizerTrigger="no" isFilterTrigger="no" isSoundTrigger="no" isColorTrigger="no" isColorTriggerFg="no" isColorTriggerBg="no">
					<name>Person goggles leave</name>
					<script>aerial.people.removePlayer(nil,nil,matches[2])</script>
					<triggerType>0</triggerType>
					<conditonLineDelta>0</conditonLineDelta>
					<mStayOpen>0</mStayOpen>
					<mCommand></mCommand>
					<packageName></packageName>
					<mFgColor>#ff0000</mFgColor>
					<mBgColor>#ffff00</mBgColor>
					<mSoundFile></mSoundFile>
					<colorTriggerFgColor>#000000</colorTriggerFgColor>
					<colorTriggerBgColor>#000000</colorTriggerBgColor>
					<regexCodeList>
						<string>^A shimmer of light plays on your goggle lenses as (\w+) departs </string>
						<string>^(\w+) flies away to the beyond.$</string>
					</regexCodeList>
					<regexCodePropertyList>
						<integer>1</integer>
						<integer>1</integer>
					</regexCodePropertyList>
				</Trigger>
			</TriggerGroup>
			<TriggerGroup isActive="yes" isFolder="yes" isTempTrigger="no" isMultiline="no" isPerlSlashGOption="no" isColorizerTrigger="no" isFilterTrigger="no" isSoundTrigger="no" isColorTrigger="no" isColorTriggerFg="no" isColorTriggerBg="no">
				<name>Target tracking</name>
				<script></script>
				<triggerType>0</triggerType>
				<conditonLineDelta>0</conditonLineDelta>
				<mStayOpen>0</mStayOpen>
				<mCommand></mCommand>
				<packageName></packageName>
				<mFgColor>#ff0000</mFgColor>
				<mBgColor>#ffff00</mBgColor>
				<mSoundFile></mSoundFile>
				<colorTriggerFgColor>#000000</colorTriggerFgColor>
				<colorTriggerBgColor>#000000</colorTriggerBgColor>
				<regexCodeList />
				<regexCodePropertyList />
				<Trigger isActive="yes" isFolder="no" isTempTrigger="no" isMultiline="no" isPerlSlashGOption="no" isColorizerTrigger="no" isFilterTrigger="no" isSoundTrigger="no" isColorTrigger="no" isColorTriggerFg="no" isColorTriggerBg="no">
					<name>Aerial discern</name>
					<script>aerial.targets.target = matches[2]
clearWindow("target_info")
aerial.targets.temp = {}</script>
					<triggerType>0</triggerType>
					<conditonLineDelta>0</conditonLineDelta>
					<mStayOpen>20</mStayOpen>
					<mCommand></mCommand>
					<packageName></packageName>
					<mFgColor>#ff0000</mFgColor>
					<mBgColor>#ffff00</mBgColor>
					<mSoundFile></mSoundFile>
					<colorTriggerFgColor>#000000</colorTriggerFgColor>
					<colorTriggerBgColor>#000000</colorTriggerBgColor>
					<regexCodeList>
						<string>^You stare deep into (\w+)\'s soul and discern that:$</string>
						<string>^(\w+) is:$</string>
					</regexCodeList>
					<regexCodePropertyList>
						<integer>1</integer>
						<integer>1</integer>
					</regexCodePropertyList>
					<Trigger isActive="yes" isFolder="no" isTempTrigger="no" isMultiline="no" isPerlSlashGOption="no" isColorizerTrigger="no" isFilterTrigger="no" isSoundTrigger="no" isColorTrigger="no" isColorTriggerFg="no" isColorTriggerBg="no">
						<name>Aerial discern capture</name>
						<script>local vitals = {health="hp",mana="mp",ego="ego"}
aerial.targets.setVital(vitals[matches[3]],matches[4],matches[5])</script>
						<triggerType>0</triggerType>
						<conditonLineDelta>0</conditonLineDelta>
						<mStayOpen>0</mStayOpen>
						<mCommand></mCommand>
						<packageName></packageName>
						<mFgColor>#ff0000</mFgColor>
						<mBgColor>#ffff00</mBgColor>
						<mSoundFile></mSoundFile>
						<colorTriggerFgColor>#000000</colorTriggerFgColor>
						<colorTriggerBgColor>#000000</colorTriggerBgColor>
						<regexCodeList>
							<string>^(\w+)'s (\w+) stands at (\d+)/(\d+).$</string>
						</regexCodeList>
						<regexCodePropertyList>
							<integer>1</integer>
						</regexCodePropertyList>
					</Trigger>
					<Trigger isActive="yes" isFolder="no" isTempTrigger="no" isMultiline="no" isPerlSlashGOption="no" isColorizerTrigger="no" isFilterTrigger="no" isSoundTrigger="no" isColorTrigger="no" isColorTriggerFg="no" isColorTriggerBg="no">
						<name>Aerial succor capture</name>
						<script>local vitals = {health="hp",mana="mp",ego="ego"}
aerial.targets.setVital(vitals[matches[5]],matches[3],matches[4])</script>
						<triggerType>0</triggerType>
						<conditonLineDelta>0</conditonLineDelta>
						<mStayOpen>0</mStayOpen>
						<mCommand></mCommand>
						<packageName></packageName>
						<mFgColor>#ff0000</mFgColor>
						<mBgColor>#ffff00</mBgColor>
						<mSoundFile></mSoundFile>
						<colorTriggerFgColor>#000000</colorTriggerFgColor>
						<colorTriggerBgColor>#000000</colorTriggerBgColor>
						<regexCodeList>
							<string>^(\w+) currently has (\d+) out of (\d+) (\w+)\.$</string>
						</regexCodeList>
						<regexCodePropertyList>
							<integer>1</integer>
						</regexCodePropertyList>
					</Trigger>
					<Trigger isActive="yes" isFolder="no" isTempTrigger="no" isMultiline="no" isPerlSlashGOption="no" isColorizerTrigger="no" isFilterTrigger="no" isSoundTrigger="no" isColorTrigger="no" isColorTriggerFg="no" isColorTriggerBg="no">
						<name>Aerial discern bleeding hemo bruising</name>
						<script>aerial.targets.temp[matches[2]] = matches[3]</script>
						<triggerType>0</triggerType>
						<conditonLineDelta>0</conditonLineDelta>
						<mStayOpen>0</mStayOpen>
						<mCommand></mCommand>
						<packageName></packageName>
						<mFgColor>#ff0000</mFgColor>
						<mBgColor>#ffff00</mBgColor>
						<mSoundFile></mSoundFile>
						<colorTriggerFgColor>#000000</colorTriggerFgColor>
						<colorTriggerBgColor>#000000</colorTriggerBgColor>
						<regexCodeList>
							<string>^\w+ is (\w+) for (\d+) health.$</string>
						</regexCodeList>
						<regexCodePropertyList>
							<integer>1</integer>
						</regexCodePropertyList>
					</Trigger>
					<Trigger isActive="yes" isFolder="no" isTempTrigger="no" isMultiline="no" isPerlSlashGOption="no" isColorizerTrigger="no" isFilterTrigger="no" isSoundTrigger="no" isColorTrigger="no" isColorTriggerFg="no" isColorTriggerBg="no">
						<name>Aerial discern timewarp</name>
						<script>if matches[2] then
  aerial.targets.warp("timewarp",matches[2])
else
  aerial.targets.warp("timewarp","none")
end</script>
						<triggerType>0</triggerType>
						<conditonLineDelta>0</conditonLineDelta>
						<mStayOpen>0</mStayOpen>
						<mCommand></mCommand>
						<packageName></packageName>
						<mFgColor>#ff0000</mFgColor>
						<mBgColor>#ffff00</mBgColor>
						<mSoundFile></mSoundFile>
						<colorTriggerFgColor>#000000</colorTriggerFgColor>
						<colorTriggerBgColor>#000000</colorTriggerBgColor>
						<regexCodeList>
							<string>^\w+ is (minorly|mildly|moderately|considerably|majorly|concerningly|massively) warped in time.$</string>
							<string>^\w+ is operating in normal time.$</string>
							<string>^(\w+) warped in time.$</string>
						</regexCodeList>
						<regexCodePropertyList>
							<integer>1</integer>
							<integer>1</integer>
							<integer>1</integer>
						</regexCodePropertyList>
					</Trigger>
					<Trigger isActive="yes" isFolder="no" isTempTrigger="no" isMultiline="no" isPerlSlashGOption="no" isColorizerTrigger="no" isFilterTrigger="no" isSoundTrigger="no" isColorTrigger="no" isColorTriggerFg="no" isColorTriggerBg="no">
						<name>Aerial discern cloudcoils</name>
						<script>if matches[2] then
  aerial.targets.warp("cloudcoils",matches[2])
else
  aerial.targets.warp("cloudcoils","none")
end</script>
						<triggerType>0</triggerType>
						<conditonLineDelta>0</conditonLineDelta>
						<mStayOpen>0</mStayOpen>
						<mCommand></mCommand>
						<packageName></packageName>
						<mFgColor>#ff0000</mFgColor>
						<mBgColor>#ffff00</mBgColor>
						<mSoundFile></mSoundFile>
						<colorTriggerFgColor>#000000</colorTriggerFgColor>
						<colorTriggerBgColor>#000000</colorTriggerBgColor>
						<regexCodeList>
							<string>^\w+ is (minorly|mildly|moderately|considerably|majorly|concerningly|massively) entangled in cloudcoils.$</string>
							<string>^\w+ does not have cloudcoils.$</string>
							<string>^(\w+) entangled in cloudcoils.$</string>
						</regexCodeList>
						<regexCodePropertyList>
							<integer>1</integer>
							<integer>1</integer>
							<integer>1</integer>
						</regexCodePropertyList>
					</Trigger>
					<Trigger isActive="yes" isFolder="no" isTempTrigger="no" isMultiline="no" isPerlSlashGOption="no" isColorizerTrigger="yes" isFilterTrigger="no" isSoundTrigger="no" isColorTrigger="no" isColorTriggerFg="no" isColorTriggerBg="no">
						<name>Wounds</name>
						<script>local str = string.lower(matches[2])
str = str:gsub("%s+", "")
concord.roomPlayers[concord.temptarget]["vitals"][str.."wounds"]=matches[3]
deleteLine()</script>
						<triggerType>0</triggerType>
						<conditonLineDelta>0</conditonLineDelta>
						<mStayOpen>0</mStayOpen>
						<mCommand></mCommand>
						<packageName></packageName>
						<mFgColor>#ff0000</mFgColor>
						<mBgColor>#ffff00</mBgColor>
						<mSoundFile></mSoundFile>
						<colorTriggerFgColor>#000000</colorTriggerFgColor>
						<colorTriggerBgColor>#000000</colorTriggerBgColor>
						<regexCodeList>
							<string>^\* (.*?) has (\w+) wounds.$</string>
						</regexCodeList>
						<regexCodePropertyList>
							<integer>1</integer>
						</regexCodePropertyList>
					</Trigger>
					<Trigger isActive="yes" isFolder="no" isTempTrigger="no" isMultiline="no" isPerlSlashGOption="no" isColorizerTrigger="no" isFilterTrigger="no" isSoundTrigger="no" isColorTrigger="no" isColorTriggerFg="no" isColorTriggerBg="no">
						<name>Aerial discern end</name>
						<script>setTriggerStayOpen("Aerial discern", 0)
raiseEvent("aerial discerned")
aerial.targets.process()</script>
						<triggerType>0</triggerType>
						<conditonLineDelta>0</conditonLineDelta>
						<mStayOpen>0</mStayOpen>
						<mCommand></mCommand>
						<packageName></packageName>
						<mFgColor>#ff0000</mFgColor>
						<mBgColor>#ffff00</mBgColor>
						<mSoundFile></mSoundFile>
						<colorTriggerFgColor>#000000</colorTriggerFgColor>
						<colorTriggerBgColor>#000000</colorTriggerBgColor>
						<regexCodeList>
							<string>return isPrompt()</string>
						</regexCodeList>
						<regexCodePropertyList>
							<integer>4</integer>
						</regexCodePropertyList>
					</Trigger>
				</Trigger>
			</TriggerGroup>
			<TriggerGroup isActive="yes" isFolder="yes" isTempTrigger="no" isMultiline="no" isPerlSlashGOption="no" isColorizerTrigger="no" isFilterTrigger="no" isSoundTrigger="no" isColorTrigger="no" isColorTriggerFg="no" isColorTriggerBg="no">
				<name>Chat</name>
				<script></script>
				<triggerType>0</triggerType>
				<conditonLineDelta>0</conditonLineDelta>
				<mStayOpen>0</mStayOpen>
				<mCommand></mCommand>
				<packageName></packageName>
				<mFgColor>#ff0000</mFgColor>
				<mBgColor>#ffff00</mBgColor>
				<mSoundFile></mSoundFile>
				<colorTriggerFgColor>#000000</colorTriggerFgColor>
				<colorTriggerBgColor>#000000</colorTriggerBgColor>
				<regexCodeList />
				<regexCodePropertyList />
				<Trigger isActive="yes" isFolder="no" isTempTrigger="no" isMultiline="yes" isPerlSlashGOption="no" isColorizerTrigger="no" isFilterTrigger="no" isSoundTrigger="no" isColorTrigger="no" isColorTriggerFg="no" isColorTriggerBg="no">
					<name>Deathsight capture</name>
					<script>if multimatches[1][1] ~= multimatches[2][1] then
  selectCurrentLine()
  local r,g,b = getFgColor()
  local br,bg,bb = getBgColor()
  local text, text2
  text = multimatches[1][1]
  text2 = multimatches[2][1]
  if br+bg+bb == 0 then
    text = "&lt;"..r..","..g..","..b..":&gt;"..text
    text2 = "&lt;"..r..","..g..","..b..":&gt;"..text2
  else
    text = "&lt;"..r..","..g..","..b..":"..br..","..bg..","..bb.."&gt;"..text
    text2 = "&lt;"..r..","..g..","..b..":"..br..","..bg..","..bb.."&gt;"..text2
  end
  aerial.chat.process("Misc",text)
  aerial.chat.process("Misc",text2)
end</script>
					<triggerType>0</triggerType>
					<conditonLineDelta>1</conditonLineDelta>
					<mStayOpen>0</mStayOpen>
					<mCommand></mCommand>
					<packageName></packageName>
					<mFgColor>#ff0000</mFgColor>
					<mBgColor>#ffff00</mBgColor>
					<mSoundFile></mSoundFile>
					<colorTriggerFgColor>#000000</colorTriggerFgColor>
					<colorTriggerBgColor>#000000</colorTriggerBgColor>
					<regexCodeList>
						<string>^.+$</string>
						<string>^You see the death occur at .+\.$</string>
					</regexCodeList>
					<regexCodePropertyList>
						<integer>1</integer>
						<integer>1</integer>
					</regexCodePropertyList>
				</Trigger>
				<Trigger isActive="yes" isFolder="no" isTempTrigger="no" isMultiline="no" isPerlSlashGOption="no" isColorizerTrigger="no" isFilterTrigger="no" isSoundTrigger="no" isColorTrigger="no" isColorTriggerFg="no" isColorTriggerBg="no">
					<name>In-room deathsight</name>
					<script>aerial.chat.process("Misc","&lt;0,178,0:&gt;"..matches[1])</script>
					<triggerType>0</triggerType>
					<conditonLineDelta>0</conditonLineDelta>
					<mStayOpen>0</mStayOpen>
					<mCommand></mCommand>
					<packageName></packageName>
					<mFgColor>#ff0000</mFgColor>
					<mBgColor>#ffff00</mBgColor>
					<mSoundFile></mSoundFile>
					<colorTriggerFgColor>#000000</colorTriggerFgColor>
					<colorTriggerBgColor>#000000</colorTriggerBgColor>
					<regexCodeList>
						<string>^\b([A-Z]\w+)\b has been slain by \b([A-Z]\w+)\b.$</string>
						<string>^You have slain \b([A-Z]\w+)\b.$</string>
					</regexCodeList>
					<regexCodePropertyList>
						<integer>1</integer>
						<integer>1</integer>
					</regexCodePropertyList>
				</Trigger>
				<Trigger isActive="yes" isFolder="no" isTempTrigger="no" isMultiline="no" isPerlSlashGOption="no" isColorizerTrigger="no" isFilterTrigger="no" isSoundTrigger="no" isColorTrigger="no" isColorTriggerFg="no" isColorTriggerBg="no">
					<name>Delete chat line</name>
					<script>aerial.chat.deleteLine()</script>
					<triggerType>0</triggerType>
					<conditonLineDelta>0</conditonLineDelta>
					<mStayOpen>0</mStayOpen>
					<mCommand></mCommand>
					<packageName></packageName>
					<mFgColor>#ff0000</mFgColor>
					<mBgColor>#ffff00</mBgColor>
					<mSoundFile></mSoundFile>
					<colorTriggerFgColor>#000000</colorTriggerFgColor>
					<colorTriggerBgColor>#000000</colorTriggerBgColor>
					<regexCodeList>
						<string>^\(.+\): (.+), "(.+)"$</string>
					</regexCodeList>
					<regexCodePropertyList>
						<integer>1</integer>
					</regexCodePropertyList>
				</Trigger>
				<Trigger isActive="yes" isFolder="no" isTempTrigger="no" isMultiline="no" isPerlSlashGOption="no" isColorizerTrigger="no" isFilterTrigger="no" isSoundTrigger="no" isColorTrigger="no" isColorTriggerFg="no" isColorTriggerBg="no">
					<name>Chat got prompt</name>
					<script>aerial.chat.gotGMCP = false</script>
					<triggerType>0</triggerType>
					<conditonLineDelta>0</conditonLineDelta>
					<mStayOpen>0</mStayOpen>
					<mCommand></mCommand>
					<packageName></packageName>
					<mFgColor>#ff0000</mFgColor>
					<mBgColor>#ffff00</mBgColor>
					<mSoundFile></mSoundFile>
					<colorTriggerFgColor>#000000</colorTriggerFgColor>
					<colorTriggerBgColor>#000000</colorTriggerBgColor>
					<regexCodeList>
						<string></string>
					</regexCodeList>
					<regexCodePropertyList>
						<integer>7</integer>
					</regexCodePropertyList>
				</Trigger>
				<Trigger isActive="yes" isFolder="no" isTempTrigger="no" isMultiline="no" isPerlSlashGOption="no" isColorizerTrigger="no" isFilterTrigger="no" isSoundTrigger="no" isColorTrigger="yes" isColorTriggerFg="no" isColorTriggerBg="no">
					<name>Emotes color capture</name>
					<script>aerial.chat.emotecapture = matches[1]</script>
					<triggerType>0</triggerType>
					<conditonLineDelta>0</conditonLineDelta>
					<mStayOpen>0</mStayOpen>
					<mCommand></mCommand>
					<packageName></packageName>
					<mFgColor>#ff00ff</mFgColor>
					<mBgColor>#000000</mBgColor>
					<mSoundFile></mSoundFile>
					<colorTriggerFgColor>#bcbcbc</colorTriggerFgColor>
					<colorTriggerBgColor>#000000</colorTriggerBgColor>
					<regexCodeList>
						<string>ANSI_COLORS_F{249}_B{000}</string>
					</regexCodeList>
					<regexCodePropertyList>
						<integer>6</integer>
					</regexCodePropertyList>
					<Trigger isActive="yes" isFolder="no" isTempTrigger="no" isMultiline="no" isPerlSlashGOption="no" isColorizerTrigger="no" isFilterTrigger="no" isSoundTrigger="no" isColorTrigger="no" isColorTriggerFg="no" isColorTriggerBg="no">
						<name>Got says</name>
						<script>if aerial.chat.gotGMCP == false then
  local text = ""
  for i = 2,#matches,1 do
     local v = matches[i]
     selectString(v,1)
     local r,g,b = getFgColor()
     local br,bg,bb = getBgColor()
     if br+bg+bb == 0 then
       text = text.."&lt;"..r..","..g..","..b..":&gt;"..v
     else
       text = text.."&lt;"..r..","..g..","..b..":"..br..","..bg..","..bb.."&gt;"..v
     end
   end
   aerial.chat.process("Says",text)
end
</script>
						<triggerType>0</triggerType>
						<conditonLineDelta>0</conditonLineDelta>
						<mStayOpen>0</mStayOpen>
						<mCommand></mCommand>
						<packageName></packageName>
						<mFgColor>#ff0000</mFgColor>
						<mBgColor>#ffff00</mBgColor>
						<mSoundFile></mSoundFile>
						<colorTriggerFgColor>#000000</colorTriggerFgColor>
						<colorTriggerBgColor>#000000</colorTriggerBgColor>
						<regexCodeList>
							<string>^(.+)?(\".+\")(.+)?$</string>
						</regexCodeList>
						<regexCodePropertyList>
							<integer>1</integer>
						</regexCodePropertyList>
					</Trigger>
					<Trigger isActive="yes" isFolder="no" isTempTrigger="no" isMultiline="no" isPerlSlashGOption="no" isColorizerTrigger="no" isFilterTrigger="no" isSoundTrigger="no" isColorTrigger="no" isColorTriggerFg="no" isColorTriggerBg="no">
						<name>Got emote</name>
						<script>if aerial.chat.gotGMCP == false and matches[1]==aerial.chat.emotecapture and not string.find(matches[1],[["]]) then
  local text = ""
  local v = matches[1]
  selectString(v,1)
  local r,g,b = getFgColor()
  local br,bg,bb = getBgColor()
  if br+bg+bb == 0 then
    text = text.."&lt;"..r..","..g..","..b..":&gt;"..v
  else
    text = text.."&lt;"..r..","..g..","..b..":"..br..","..bg..","..bb.."&gt;"..v
  end
   aerial.chat.process("Says",text)
end
</script>
						<triggerType>0</triggerType>
						<conditonLineDelta>0</conditonLineDelta>
						<mStayOpen>0</mStayOpen>
						<mCommand></mCommand>
						<packageName></packageName>
						<mFgColor>#ff0000</mFgColor>
						<mBgColor>#ffff00</mBgColor>
						<mSoundFile></mSoundFile>
						<colorTriggerFgColor>#000000</colorTriggerFgColor>
						<colorTriggerBgColor>#000000</colorTriggerBgColor>
						<regexCodeList>
							<string>^.+$</string>
						</regexCodeList>
						<regexCodePropertyList>
							<integer>1</integer>
						</regexCodePropertyList>
					</Trigger>
				</Trigger>
			</TriggerGroup>
		</TriggerGroup>
	</TriggerPackage>
	<TimerPackage />
	<AliasPackage>
		<AliasGroup isActive="yes" isFolder="yes">
			<name>Aerial</name>
			<script></script>
			<command></command>
			<packageName></packageName>
			<regex></regex>
			<Alias isActive="yes" isFolder="no">
				<name>IH get gmcp</name>
				<script>sendGMCP("Char.Items.Room","")
send(matches[1],false)</script>
				<command></command>
				<packageName></packageName>
				<regex>^(ih|info here)(?:\s+(\w+))?\s*$</regex>
			</Alias>
		</AliasGroup>
	</AliasPackage>
	<ActionPackage />
	<ScriptPackage>
		<ScriptGroup isActive="yes" isFolder="yes">
			<name>Aerial</name>
			<packageName></packageName>
			<script>aerial = aerial or {}</script>
			<eventHandlerList />
			<Script isActive="yes" isFolder="no">
				<name>aerial.load</name>
				<packageName></packageName>
				<script>function aerial.load()
    location = getMudletHomeDir()
    f = io.open(location.."\\Aerial\\Aerial.bin", 'rb')
    local bytecode = f:read('*all')
    f:close()
    loadstring(bytecode)()
    aerial.create()
    raiseEvent("aerial loaded")
end

aerial.chat = aerial.chat or {}
</script>
				<eventHandlerList>
					<string>sysLoadEvent</string>
				</eventHandlerList>
			</Script>
			<Script isActive="yes" isFolder="no">
				<name>aerial.config</name>
				<packageName></packageName>
				<script>aerial.config = {
    -- general options
    left = {width = "14%",height = "100%"}, -- how wide the left bar is compared to full screen
    right = {width = "26%",height = "100%"},
    headerheight = 25;         -- height of the title tabs on the left windows (compared to the small window)
    images = true;             -- whether or not to use image backgrounds. headerheight NEEDS TO BE 25 if this is true 
    fontsize = 10;             -- interface window (not chat, not main window) font size
    backgroundcolor = {32,32,32};   -- window backgrounds in rgb
    bordercolor = {32,81,121},     -- header/border color in rgb
    
    -- bottom bar options
    bottomheight = 35;             -- height of the bottom bar; minimum recommended is 28
    vitalbartype = "raised";       -- "raised" or "flat" ; describes style of the vitals bars. Flat is less fancy but probably more legible.
    enablebottom = true;           -- show bottom status bar
    clock = false;                 -- true: shows clock by default. false: shows sun gauge by default (they can be clicked to toggle between them anyway)
    
    -- chat options
    timestamp = "hh:mm";        -- set to false if you don't want timestamp, or timestamp format if you do
    chatfontsize = 10;            -- font size of the chat
    capturesays = true;           -- capture says/emotes in the All chat window
    captureshipt = true;         -- capture shiptells in the All chat window (it's in Misc otherwise)
}

  -- affs to ignore when you have these defences (we track what defences we have in aerial.afflictions.def)
aerial.config.defenceaffs = {
  sixthsense = "blind",
  truehearing = "deaf",
  }
 
-- rearrange the windows in the order you'd like to have them
aerial.windowsetup = {
	left = {
		{"afflictions","100%","25%","MiniConsole"},
		{"target","100%","20%","MiniConsole"},
		{"people","100%","30%","MiniConsole"},
		{"denizens","100%","25%","MiniConsole"},
		},
	right = {
		{"map","100%","35%","Mapper"},
		{"chat","100%","65%","Container"},
		};
}

-- what do we want to show on the status bar? Reorder or comment out the ones we don't want
aerial.statusbar = {
  gauges = {
    "hp",
    "mp",
    "ego",
    "pow",
  };
  labels = {
    "reserves", 
    "xp",
    "gold",
    "indoors",
  };
  gaugewidth = {hp = "15%", mp = "15%", ego = "15%",pow = "4%"};
}</script>
				<eventHandlerList />
			</Script>
			<Script isActive="yes" isFolder="no">
				<name>aerial.ignore</name>
				<packageName></packageName>
				<script>aerial.ignore = {
  "Leeoh Vardan, Senior Deputy Commissar shines his cufflinks with pride and stands a little straighter.",
  "Leeoh Vardan, Senior Deputy Commissar inspects the surroundings, paying particular attention to guards in the vicinity for conformity to minimal standards.",
  "Leeoh Vardan, Senior Deputy Commissar surveys the area from left to right, watching for signs of danger.",
  "A storm%-coloured greyhound",
  "pants heavily, his tail wagging enthusiastically",
  "Fraesic Sunfar, Keeper of the Matrix gazes out across the skies, a distant look in his eyes.",
  "Fraesic Sunfar, Keeper of the Matrix fuses coloured spheres together in groups of four, then infuses them with energy from the Matrix, causing the sphere to turn gold.",
  'Handing over each golden sphere, Fraesic Sunfar, Keeper of the Matrix says, "Place these in the Primary Generator. I shall remember any overage sphere amount."',
  "sidiak bird",
  "dips %w+ head low.",
  "preens %w+ feathers.",
  "ruffles %w+ feathers.",
  "A green parakeet",
  "A frisky puppy",
  "A hamster in a cage%-wheel",
  "Elliphira the Cloud%-Riding Quokka perks up as she sees %w+ appear, and zooms over on her cloud to hover around %w+ head for a moment.",
  "Elliphira the Cloud%-Riding Quokka points one gnarled claw at %w+, letting out a happy gurgle.",
};</script>
				<eventHandlerList />
			</Script>
			<Script isActive="yes" isFolder="no">
				<name>aerial.affcolors</name>
				<packageName></packageName>
				<script>aerial.affcolors = {
  aeon = "255,0,0",
  stun = "255,0,0",
  manabarbs = "255,255,0",
  egovice = "255,255,0",
  powerspikes = "255,255,0",
  achromaticaura = "255,255,0",
}</script>
				<eventHandlerList />
			</Script>
			<Script isActive="yes" isFolder="no">
				<name>aerial.chat.received</name>
				<packageName></packageName>
				<script>function aerial.chat.received()
  aerial.chat.capture()
  aerial.chat.process(aerial.chat.channels.last)
  aerial.chat.gotGMCP = true
end</script>
				<eventHandlerList>
					<string>gmcp.Comm.Channel.Start</string>
				</eventHandlerList>
			</Script>
		</ScriptGroup>
	</ScriptPackage>
	<KeyPackage />
	<HelpPackage>
		<helpURL></helpURL>
	</HelpPackage>
</MudletPackage>
